_01D9AE7C82794BF28EC9C743A09A5C11,CLAR_VOLT,19,1,_2BCC3D5923464FED9E08EB12EC388BD7
_02585A763FE446A599EABAAE1946E663,CLAR_ANG,19,0,_2BCC3D5923464FED9E08EB12EC388BD7
_048E634F63974DB9959C118F947A5C9F,AMHE_VOLT,19,1,_4273A87151C0409780237BFD866C23DA
_0713BD82B583442DBC61E779F2CF286B,AMHE_ANG,19,-21.79353879,_4273A87151C0409780237BFD866C23DA
_0A37CB75E86846668F178FF9316D695B,WINL_VOLT,19,1,_4F715892155341C8A76534537F095B49
_0A5BDB6E87604E929E2AFBD74EC49D76,WINL_ANG,19,-26.11535129,_4F715892155341C8A76534537F095B49
_0B47C04EA3A045E3BACA27AF6809CCBF,BOWM_VOLT,19,0.886578004,_58F637D8B03A4B12A67DF2E5797F9B6A
_0CDB2CCB4A86457DB174F44B0242DCA4,BOWM_ANG,19,-15.73456054,_58F637D8B03A4B12A67DF2E5797F9B6A
_0D37A27132EA4D94A8F0749B0766D1CE,TROY_VOLT,19,0.835162667,_7324D6723635494784A4D8A9578FCE8A
_0DEC4920744048C5B136B40090428948,TROY_ANG,19,-28.49059358,_7324D6723635494784A4D8A9578FCE8A
_0E2507C6DA854A39A75E3EBADA882446,MAPL_VOLT,19,0.949089364,_7AC1BC6CDFAF4F26A97AD322E9F5AD31
_1092FC782BA546479EB039E18D13844D,MAPL_ANG,19,-29.12372396,_7AC1BC6CDFAF4F26A97AD322E9F5AD31
_11691578444A449C95B5D999955F8E3B,GRAN_VOLT,19,0.895790412,_7DD325DCEFC248989B72AAD58D3DD4E9
_121025A0C8334FEBB8D6BFB953D8CE54,GRAN_ANG,19,-33.9396052,_7DD325DCEFC248989B72AAD58D3DD4E9
_1329670D0EE04FBAA5D15ED8DA17C073,WAUT_VOLT,19,0.933094323,_95D3CD0256FB4C9DB2860CFEFA45CD57
_141EB0670C394F5DB9D2E85567C7C474,WAUT_ANG,19,-28.0615724,_95D3CD0256FB4C9DB2860CFEFA45CD57
_14F8FF6E7ECD438AAD432529AA2D087F,CROSS_VOLT,19,0.79842078,_9D8BB8E8B5DB40F6ABF515042B7DFF97
_160795646A1F4EDA9DAB9898ECC88150,CROSS_ANG,19,-31.1970044,_9D8BB8E8B5DB40F6ABF515042B7DFF97
_01D9AE7C82794BF28EC9C743A09A5C11,CLAR_VOLT,10,1,_2BCC3D5923464FED9E08EB12EC388BD7
_02585A763FE446A599EABAAE1946E663,CLAR_ANG,10,0,_2BCC3D5923464FED9E08EB12EC388BD7
_048E634F63974DB9959C118F947A5C9F,AMHE_VOLT,10,1,_4273A87151C0409780237BFD866C23DA
_0713BD82B583442DBC61E779F2CF286B,AMHE_ANG,10,-18.69567431,_4273A87151C0409780237BFD866C23DA
_0A37CB75E86846668F178FF9316D695B,WINL_VOLT,10,1,_4F715892155341C8A76534537F095B49
_0A5BDB6E87604E929E2AFBD74EC49D76,WINL_ANG,10,-22.9680013,_4F715892155341C8A76534537F095B49
_0B47C04EA3A045E3BACA27AF6809CCBF,BOWM_VOLT,10,0.898555667,_58F637D8B03A4B12A67DF2E5797F9B6A
_0CDB2CCB4A86457DB174F44B0242DCA4,BOWM_ANG,10,-14.40501963,_58F637D8B03A4B12A67DF2E5797F9B6A
_0D37A27132EA4D94A8F0749B0766D1CE,TROY_VOLT,10,0.856545859,_7324D6723635494784A4D8A9578FCE8A
_0DEC4920744048C5B136B40090428948,TROY_ANG,10,-25.7347542,_7324D6723635494784A4D8A9578FCE8A
_0E2507C6DA854A39A75E3EBADA882446,MAPL_VOLT,10,0.953835985,_7AC1BC6CDFAF4F26A97AD322E9F5AD31
_1092FC782BA546479EB039E18D13844D,MAPL_ANG,10,-25.96138959,_7AC1BC6CDFAF4F26A97AD322E9F5AD31
_11691578444A449C95B5D999955F8E3B,GRAN_VOLT,10,0.898416952,_7DD325DCEFC248989B72AAD58D3DD4E9
_121025A0C8334FEBB8D6BFB953D8CE54,GRAN_ANG,10,-30.64561544,_7DD325DCEFC248989B72AAD58D3DD4E9
_1329670D0EE04FBAA5D15ED8DA17C073,WAUT_VOLT,10,0.935714683,_95D3CD0256FB4C9DB2860CFEFA45CD57
_141EB0670C394F5DB9D2E85567C7C474,WAUT_ANG,10,-24.94608496,_95D3CD0256FB4C9DB2860CFEFA45CD57
_14F8FF6E7ECD438AAD432529AA2D087F,CROSS_VOLT,10,0.807041501,_9D8BB8E8B5DB40F6ABF515042B7DFF97
_160795646A1F4EDA9DAB9898ECC88150,CROSS_ANG,10,-28.48514382,_9D8BB8E8B5DB40F6ABF515042B7DFF97
_01D9AE7C82794BF28EC9C743A09A5C11,CLAR_VOLT,2,1,_2BCC3D5923464FED9E08EB12EC388BD7
_02585A763FE446A599EABAAE1946E663,CLAR_ANG,2,0,_2BCC3D5923464FED9E08EB12EC388BD7
_048E634F63974DB9959C118F947A5C9F,AMHE_VOLT,2,1,_4273A87151C0409780237BFD866C23DA
_0713BD82B583442DBC61E779F2CF286B,AMHE_ANG,2,-22.16185389,_4273A87151C0409780237BFD866C23DA
_0A37CB75E86846668F178FF9316D695B,WINL_VOLT,2,1,_4F715892155341C8A76534537F095B49
_0A5BDB6E87604E929E2AFBD74EC49D76,WINL_ANG,2,-26.39023774,_4F715892155341C8A76534537F095B49
_0B47C04EA3A045E3BACA27AF6809CCBF,BOWM_VOLT,2,0.886845601,_58F637D8B03A4B12A67DF2E5797F9B6A
_0CDB2CCB4A86457DB174F44B0242DCA4,BOWM_ANG,2,-15.72209002,_58F637D8B03A4B12A67DF2E5797F9B6A
_0D37A27132EA4D94A8F0749B0766D1CE,TROY_VOLT,2,0.83578594,_7324D6723635494784A4D8A9578FCE8A
_0DEC4920744048C5B136B40090428948,TROY_ANG,2,-28.40553404,_7324D6723635494784A4D8A9578FCE8A
_0E2507C6DA854A39A75E3EBADA882446,MAPL_VOLT,2,0.950992601,_7AC1BC6CDFAF4F26A97AD322E9F5AD31
_1092FC782BA546479EB039E18D13844D,MAPL_ANG,2,-29.39258419,_7AC1BC6CDFAF4F26A97AD322E9F5AD31
_11691578444A449C95B5D999955F8E3B,GRAN_VOLT,2,0.90227416,_7DD325DCEFC248989B72AAD58D3DD4E9
_121025A0C8334FEBB8D6BFB953D8CE54,GRAN_ANG,2,-34.37160246,_7DD325DCEFC248989B72AAD58D3DD4E9
_1329670D0EE04FBAA5D15ED8DA17C073,WAUT_VOLT,2,0.935574754,_95D3CD0256FB4C9DB2860CFEFA45CD57
_141EB0670C394F5DB9D2E85567C7C474,WAUT_ANG,2,-28.41320311,_95D3CD0256FB4C9DB2860CFEFA45CD57
_14F8FF6E7ECD438AAD432529AA2D087F,CROSS_VOLT,2,0.798708349,_9D8BB8E8B5DB40F6ABF515042B7DFF97
_160795646A1F4EDA9DAB9898ECC88150,CROSS_ANG,2,-31.22186804,_9D8BB8E8B5DB40F6ABF515042B7DFF97
_01D9AE7C82794BF28EC9C743A09A5C11,CLAR_VOLT,3,1,_2BCC3D5923464FED9E08EB12EC388BD7
_02585A763FE446A599EABAAE1946E663,CLAR_ANG,3,0,_2BCC3D5923464FED9E08EB12EC388BD7
_048E634F63974DB9959C118F947A5C9F,AMHE_VOLT,3,1,_4273A87151C0409780237BFD866C23DA
_0713BD82B583442DBC61E779F2CF286B,AMHE_ANG,3,-20.28527889,_4273A87151C0409780237BFD866C23DA
_0A37CB75E86846668F178FF9316D695B,WINL_VOLT,3,1,_4F715892155341C8A76534537F095B49
_0A5BDB6E87604E929E2AFBD74EC49D76,WINL_ANG,3,-24.53249035,_4F715892155341C8A76534537F095B49
_0B47C04EA3A045E3BACA27AF6809CCBF,BOWM_VOLT,3,0.899882356,_58F637D8B03A4B12A67DF2E5797F9B6A
_0CDB2CCB4A86457DB174F44B0242DCA4,BOWM_ANG,3,-15.18596308,_58F637D8B03A4B12A67DF2E5797F9B6A
_0D37A27132EA4D94A8F0749B0766D1CE,TROY_VOLT,3,0.855971172,_7324D6723635494784A4D8A9578FCE8A
_0DEC4920744048C5B136B40090428948,TROY_ANG,3,-27.18593051,_7324D6723635494784A4D8A9578FCE8A
_0E2507C6DA854A39A75E3EBADA882446,MAPL_VOLT,3,0.95549304,_7AC1BC6CDFAF4F26A97AD322E9F5AD31
_1092FC782BA546479EB039E18D13844D,MAPL_ANG,3,-27.52068267,_7AC1BC6CDFAF4F26A97AD322E9F5AD31
_11691578444A449C95B5D999955F8E3B,GRAN_VOLT,3,0.904343682,_7DD325DCEFC248989B72AAD58D3DD4E9
_121025A0C8334FEBB8D6BFB953D8CE54,GRAN_ANG,3,-32.23560251,_7DD325DCEFC248989B72AAD58D3DD4E9
_1329670D0EE04FBAA5D15ED8DA17C073,WAUT_VOLT,3,0.939965739,_95D3CD0256FB4C9DB2860CFEFA45CD57
_141EB0670C394F5DB9D2E85567C7C474,WAUT_ANG,3,-26.50730976,_95D3CD0256FB4C9DB2860CFEFA45CD57
_14F8FF6E7ECD438AAD432529AA2D087F,CROSS_VOLT,3,0.818643542,_9D8BB8E8B5DB40F6ABF515042B7DFF97
_160795646A1F4EDA9DAB9898ECC88150,CROSS_ANG,3,-29.87110511,_9D8BB8E8B5DB40F6ABF515042B7DFF97
_01D9AE7C82794BF28EC9C743A09A5C11,CLAR_VOLT,4,1,_2BCC3D5923464FED9E08EB12EC388BD7
_02585A763FE446A599EABAAE1946E663,CLAR_ANG,4,0,_2BCC3D5923464FED9E08EB12EC388BD7
_048E634F63974DB9959C118F947A5C9F,AMHE_VOLT,4,1,_4273A87151C0409780237BFD866C23DA
_0713BD82B583442DBC61E779F2CF286B,AMHE_ANG,4,-19.58766338,_4273A87151C0409780237BFD866C23DA
_0A37CB75E86846668F178FF9316D695B,WINL_VOLT,4,1,_4F715892155341C8A76534537F095B49
_0A5BDB6E87604E929E2AFBD74EC49D76,WINL_ANG,4,-24.10754517,_4F715892155341C8A76534537F095B49
_0B47C04EA3A045E3BACA27AF6809CCBF,BOWM_VOLT,4,0.89872192,_58F637D8B03A4B12A67DF2E5797F9B6A
_0CDB2CCB4A86457DB174F44B0242DCA4,BOWM_ANG,4,-14.98773656,_58F637D8B03A4B12A67DF2E5797F9B6A
_0D37A27132EA4D94A8F0749B0766D1CE,TROY_VOLT,4,0.847652172,_7324D6723635494784A4D8A9578FCE8A
_0DEC4920744048C5B136B40090428948,TROY_ANG,4,-27.21219206,_7324D6723635494784A4D8A9578FCE8A
_0E2507C6DA854A39A75E3EBADA882446,MAPL_VOLT,4,0.955402652,_7AC1BC6CDFAF4F26A97AD322E9F5AD31
_1092FC782BA546479EB039E18D13844D,MAPL_ANG,4,-27.09602045,_7AC1BC6CDFAF4F26A97AD322E9F5AD31
_11691578444A449C95B5D999955F8E3B,GRAN_VOLT,4,0.908067367,_7DD325DCEFC248989B72AAD58D3DD4E9
_121025A0C8334FEBB8D6BFB953D8CE54,GRAN_ANG,4,-31.51226436,_7DD325DCEFC248989B72AAD58D3DD4E9
_1329670D0EE04FBAA5D15ED8DA17C073,WAUT_VOLT,4,0.941655689,_95D3CD0256FB4C9DB2860CFEFA45CD57
_141EB0670C394F5DB9D2E85567C7C474,WAUT_ANG,4,-25.79848385,_95D3CD0256FB4C9DB2860CFEFA45CD57
_14F8FF6E7ECD438AAD432529AA2D087F,CROSS_VOLT,4,0.820072588,_9D8BB8E8B5DB40F6ABF515042B7DFF97
_160795646A1F4EDA9DAB9898ECC88150,CROSS_ANG,4,-29.13233421,_9D8BB8E8B5DB40F6ABF515042B7DFF97
_01D9AE7C82794BF28EC9C743A09A5C11,CLAR_VOLT,9,1,_2BCC3D5923464FED9E08EB12EC388BD7
_02585A763FE446A599EABAAE1946E663,CLAR_ANG,9,0,_2BCC3D5923464FED9E08EB12EC388BD7
_048E634F63974DB9959C118F947A5C9F,AMHE_VOLT,9,1,_4273A87151C0409780237BFD866C23DA
_0713BD82B583442DBC61E779F2CF286B,AMHE_ANG,9,24.48007226,_4273A87151C0409780237BFD866C23DA
_0A37CB75E86846668F178FF9316D695B,WINL_VOLT,9,1,_4F715892155341C8A76534537F095B49
_0A5BDB6E87604E929E2AFBD74EC49D76,WINL_ANG,9,19.25330353,_4F715892155341C8A76534537F095B49
_0B47C04EA3A045E3BACA27AF6809CCBF,BOWM_VOLT,9,0.98936642,_58F637D8B03A4B12A67DF2E5797F9B6A
_0CDB2CCB4A86457DB174F44B0242DCA4,BOWM_ANG,9,4.085186265,_58F637D8B03A4B12A67DF2E5797F9B6A
_0D37A27132EA4D94A8F0749B0766D1CE,TROY_VOLT,9,0.990391814,_7324D6723635494784A4D8A9578FCE8A
_0DEC4920744048C5B136B40090428948,TROY_ANG,9,7.300194435,_7324D6723635494784A4D8A9578FCE8A
_0E2507C6DA854A39A75E3EBADA882446,MAPL_VOLT,9,1.012888932,_7AC1BC6CDFAF4F26A97AD322E9F5AD31
_1092FC782BA546479EB039E18D13844D,MAPL_ANG,9,16.43457958,_7AC1BC6CDFAF4F26A97AD322E9F5AD31
_11691578444A449C95B5D999955F8E3B,GRAN_VOLT,9,1.008670518,_7DD325DCEFC248989B72AAD58D3DD4E9
_121025A0C8334FEBB8D6BFB953D8CE54,GRAN_ANG,9,16.95298288,_7DD325DCEFC248989B72AAD58D3DD4E9
_1329670D0EE04FBAA5D15ED8DA17C073,WAUT_VOLT,9,1.008748685,_95D3CD0256FB4C9DB2860CFEFA45CD57
_141EB0670C394F5DB9D2E85567C7C474,WAUT_ANG,9,18.68380641,_95D3CD0256FB4C9DB2860CFEFA45CD57
_14F8FF6E7ECD438AAD432529AA2D087F,CROSS_VOLT,9,0.981253227,_9D8BB8E8B5DB40F6ABF515042B7DFF97
_160795646A1F4EDA9DAB9898ECC88150,CROSS_ANG,9,7.445417065,_9D8BB8E8B5DB40F6ABF515042B7DFF97
_01D9AE7C82794BF28EC9C743A09A5C11,CLAR_VOLT,7,1,_2BCC3D5923464FED9E08EB12EC388BD7
_02585A763FE446A599EABAAE1946E663,CLAR_ANG,7,0,_2BCC3D5923464FED9E08EB12EC388BD7
_048E634F63974DB9959C118F947A5C9F,AMHE_VOLT,7,1,_4273A87151C0409780237BFD866C23DA
_0713BD82B583442DBC61E779F2CF286B,AMHE_ANG,7,25.39002683,_4273A87151C0409780237BFD866C23DA
_0A37CB75E86846668F178FF9316D695B,WINL_VOLT,7,1,_4F715892155341C8A76534537F095B49
_0A5BDB6E87604E929E2AFBD74EC49D76,WINL_ANG,7,20.13407828,_4F715892155341C8A76534537F095B49
_0B47C04EA3A045E3BACA27AF6809CCBF,BOWM_VOLT,7,0.987735676,_58F637D8B03A4B12A67DF2E5797F9B6A
_0CDB2CCB4A86457DB174F44B0242DCA4,BOWM_ANG,7,4.51832381,_58F637D8B03A4B12A67DF2E5797F9B6A
_0D37A27132EA4D94A8F0749B0766D1CE,TROY_VOLT,7,0.992014553,_7324D6723635494784A4D8A9578FCE8A
_0DEC4920744048C5B136B40090428948,TROY_ANG,7,8.078464776,_7324D6723635494784A4D8A9578FCE8A
_0E2507C6DA854A39A75E3EBADA882446,MAPL_VOLT,7,1.012748637,_7AC1BC6CDFAF4F26A97AD322E9F5AD31
_1092FC782BA546479EB039E18D13844D,MAPL_ANG,7,17.31496354,_7AC1BC6CDFAF4F26A97AD322E9F5AD31
_11691578444A449C95B5D999955F8E3B,GRAN_VOLT,7,1.007332096,_7DD325DCEFC248989B72AAD58D3DD4E9
_121025A0C8334FEBB8D6BFB953D8CE54,GRAN_ANG,7,17.89568265,_7DD325DCEFC248989B72AAD58D3DD4E9
_1329670D0EE04FBAA5D15ED8DA17C073,WAUT_VOLT,7,1.007547492,_95D3CD0256FB4C9DB2860CFEFA45CD57
_141EB0670C394F5DB9D2E85567C7C474,WAUT_ANG,7,19.58682698,_95D3CD0256FB4C9DB2860CFEFA45CD57
_14F8FF6E7ECD438AAD432529AA2D087F,CROSS_VOLT,7,0.977455749,_9D8BB8E8B5DB40F6ABF515042B7DFF97
_160795646A1F4EDA9DAB9898ECC88150,CROSS_ANG,7,8.220755608,_9D8BB8E8B5DB40F6ABF515042B7DFF97
_01D9AE7C82794BF28EC9C743A09A5C11,CLAR_VOLT,8,1,_2BCC3D5923464FED9E08EB12EC388BD7
_02585A763FE446A599EABAAE1946E663,CLAR_ANG,8,0,_2BCC3D5923464FED9E08EB12EC388BD7
_048E634F63974DB9959C118F947A5C9F,AMHE_VOLT,8,1,_4273A87151C0409780237BFD866C23DA
_0713BD82B583442DBC61E779F2CF286B,AMHE_ANG,8,24.32677709,_4273A87151C0409780237BFD866C23DA
_0A37CB75E86846668F178FF9316D695B,WINL_VOLT,8,1,_4F715892155341C8A76534537F095B49
_0A5BDB6E87604E929E2AFBD74EC49D76,WINL_ANG,8,19.14011826,_4F715892155341C8A76534537F095B49
_0B47C04EA3A045E3BACA27AF6809CCBF,BOWM_VOLT,8,0.989614287,_58F637D8B03A4B12A67DF2E5797F9B6A
_0CDB2CCB4A86457DB174F44B0242DCA4,BOWM_ANG,8,4.094145137,_58F637D8B03A4B12A67DF2E5797F9B6A
_0D37A27132EA4D94A8F0749B0766D1CE,TROY_VOLT,8,0.990876518,_7324D6723635494784A4D8A9578FCE8A
_0DEC4920744048C5B136B40090428948,TROY_ANG,8,7.335069718,_7324D6723635494784A4D8A9578FCE8A
_0E2507C6DA854A39A75E3EBADA882446,MAPL_VOLT,8,1.013925674,_7AC1BC6CDFAF4F26A97AD322E9F5AD31
_1092FC782BA546479EB039E18D13844D,MAPL_ANG,8,16.32427878,_7AC1BC6CDFAF4F26A97AD322E9F5AD31
_11691578444A449C95B5D999955F8E3B,GRAN_VOLT,8,1.011699239,_7DD325DCEFC248989B72AAD58D3DD4E9
_121025A0C8334FEBB8D6BFB953D8CE54,GRAN_ANG,8,16.75619199,_7DD325DCEFC248989B72AAD58D3DD4E9
_1329670D0EE04FBAA5D15ED8DA17C073,WAUT_VOLT,8,1.010039934,_95D3CD0256FB4C9DB2860CFEFA45CD57
_141EB0670C394F5DB9D2E85567C7C474,WAUT_ANG,8,18.53794659,_95D3CD0256FB4C9DB2860CFEFA45CD57
_14F8FF6E7ECD438AAD432529AA2D087F,CROSS_VOLT,8,0.981726839,_9D8BB8E8B5DB40F6ABF515042B7DFF97
_160795646A1F4EDA9DAB9898ECC88150,CROSS_ANG,8,7.437532904,_9D8BB8E8B5DB40F6ABF515042B7DFF97
_01D9AE7C82794BF28EC9C743A09A5C11,CLAR_VOLT,6,1,_2BCC3D5923464FED9E08EB12EC388BD7
_02585A763FE446A599EABAAE1946E663,CLAR_ANG,6,0,_2BCC3D5923464FED9E08EB12EC388BD7
_048E634F63974DB9959C118F947A5C9F,AMHE_VOLT,6,1,_4273A87151C0409780237BFD866C23DA
_0713BD82B583442DBC61E779F2CF286B,AMHE_ANG,6,24.60159001,_4273A87151C0409780237BFD866C23DA
_0A37CB75E86846668F178FF9316D695B,WINL_VOLT,6,1,_4F715892155341C8A76534537F095B49
_0A5BDB6E87604E929E2AFBD74EC49D76,WINL_ANG,6,19.39892415,_4F715892155341C8A76534537F095B49
_0B47C04EA3A045E3BACA27AF6809CCBF,BOWM_VOLT,6,0.991804606,_58F637D8B03A4B12A67DF2E5797F9B6A
_0CDB2CCB4A86457DB174F44B0242DCA4,BOWM_ANG,6,4.173009873,_58F637D8B03A4B12A67DF2E5797F9B6A
_0D37A27132EA4D94A8F0749B0766D1CE,TROY_VOLT,6,0.995380258,_7324D6723635494784A4D8A9578FCE8A
_0DEC4920744048C5B136B40090428948,TROY_ANG,6,7.440688758,_7324D6723635494784A4D8A9578FCE8A
_0E2507C6DA854A39A75E3EBADA882446,MAPL_VOLT,6,1.014418011,_7AC1BC6CDFAF4F26A97AD322E9F5AD31
_1092FC782BA546479EB039E18D13844D,MAPL_ANG,6,16.58445241,_7AC1BC6CDFAF4F26A97AD322E9F5AD31
_11691578444A449C95B5D999955F8E3B,GRAN_VOLT,6,1.010786687,_7DD325DCEFC248989B72AAD58D3DD4E9
_121025A0C8334FEBB8D6BFB953D8CE54,GRAN_ANG,6,17.11099454,_7DD325DCEFC248989B72AAD58D3DD4E9
_1329670D0EE04FBAA5D15ED8DA17C073,WAUT_VOLT,6,1.010290735,_95D3CD0256FB4C9DB2860CFEFA45CD57
_141EB0670C394F5DB9D2E85567C7C474,WAUT_ANG,6,18.81420148,_95D3CD0256FB4C9DB2860CFEFA45CD57
_14F8FF6E7ECD438AAD432529AA2D087F,CROSS_VOLT,6,0.985507857,_9D8BB8E8B5DB40F6ABF515042B7DFF97
_160795646A1F4EDA9DAB9898ECC88150,CROSS_ANG,6,7.552437736,_9D8BB8E8B5DB40F6ABF515042B7DFF97
_01D9AE7C82794BF28EC9C743A09A5C11,CLAR_VOLT,1,1,_2BCC3D5923464FED9E08EB12EC388BD7
_02585A763FE446A599EABAAE1946E663,CLAR_ANG,1,0,_2BCC3D5923464FED9E08EB12EC388BD7
_048E634F63974DB9959C118F947A5C9F,AMHE_VOLT,1,1,_4273A87151C0409780237BFD866C23DA
_0713BD82B583442DBC61E779F2CF286B,AMHE_ANG,1,24.93391542,_4273A87151C0409780237BFD866C23DA
_0A37CB75E86846668F178FF9316D695B,WINL_VOLT,1,1,_4F715892155341C8A76534537F095B49
_0A5BDB6E87604E929E2AFBD74EC49D76,WINL_ANG,1,19.6415784,_4F715892155341C8A76534537F095B49
_0B47C04EA3A045E3BACA27AF6809CCBF,BOWM_VOLT,1,0.990094633,_58F637D8B03A4B12A67DF2E5797F9B6A
_0CDB2CCB4A86457DB174F44B0242DCA4,BOWM_ANG,1,4.266952663,_58F637D8B03A4B12A67DF2E5797F9B6A
_0D37A27132EA4D94A8F0749B0766D1CE,TROY_VOLT,1,0.991120972,_7324D6723635494784A4D8A9578FCE8A
_0DEC4920744048C5B136B40090428948,TROY_ANG,1,7.496858124,_7324D6723635494784A4D8A9578FCE8A
_0E2507C6DA854A39A75E3EBADA882446,MAPL_VOLT,1,1.013920078,_7AC1BC6CDFAF4F26A97AD322E9F5AD31
_1092FC782BA546479EB039E18D13844D,MAPL_ANG,1,16.82572338,_7AC1BC6CDFAF4F26A97AD322E9F5AD31
_11691578444A449C95B5D999955F8E3B,GRAN_VOLT,1,1.01174763,_7DD325DCEFC248989B72AAD58D3DD4E9
_121025A0C8334FEBB8D6BFB953D8CE54,GRAN_ANG,1,17.45140456,_7DD325DCEFC248989B72AAD58D3DD4E9
_1329670D0EE04FBAA5D15ED8DA17C073,WAUT_VOLT,1,1.010437998,_95D3CD0256FB4C9DB2860CFEFA45CD57
_141EB0670C394F5DB9D2E85567C7C474,WAUT_ANG,1,19.14737323,_95D3CD0256FB4C9DB2860CFEFA45CD57
_14F8FF6E7ECD438AAD432529AA2D087F,CROSS_VOLT,1,0.984219049,_9D8BB8E8B5DB40F6ABF515042B7DFF97
_160795646A1F4EDA9DAB9898ECC88150,CROSS_ANG,1,7.863890656,_9D8BB8E8B5DB40F6ABF515042B7DFF97
_01D9AE7C82794BF28EC9C743A09A5C11,CLAR_VOLT,12,1,_2BCC3D5923464FED9E08EB12EC388BD7
_02585A763FE446A599EABAAE1946E663,CLAR_ANG,12,0,_2BCC3D5923464FED9E08EB12EC388BD7
_048E634F63974DB9959C118F947A5C9F,AMHE_VOLT,12,1,_4273A87151C0409780237BFD866C23DA
_0713BD82B583442DBC61E779F2CF286B,AMHE_ANG,12,18.40959915,_4273A87151C0409780237BFD866C23DA
_0A37CB75E86846668F178FF9316D695B,WINL_VOLT,12,1,_4F715892155341C8A76534537F095B49
_0A5BDB6E87604E929E2AFBD74EC49D76,WINL_ANG,12,19.60960222,_4F715892155341C8A76534537F095B49
_0B47C04EA3A045E3BACA27AF6809CCBF,BOWM_VOLT,12,0.971790089,_58F637D8B03A4B12A67DF2E5797F9B6A
_0CDB2CCB4A86457DB174F44B0242DCA4,BOWM_ANG,12,-2.847194158,_58F637D8B03A4B12A67DF2E5797F9B6A
_0D37A27132EA4D94A8F0749B0766D1CE,TROY_VOLT,12,0.943981594,_7324D6723635494784A4D8A9578FCE8A
_0DEC4920744048C5B136B40090428948,TROY_ANG,12,-8.061669928,_7324D6723635494784A4D8A9578FCE8A
_0E2507C6DA854A39A75E3EBADA882446,MAPL_VOLT,12,1.005673835,_7AC1BC6CDFAF4F26A97AD322E9F5AD31
_1092FC782BA546479EB039E18D13844D,MAPL_ANG,12,16.77063913,_7AC1BC6CDFAF4F26A97AD322E9F5AD31
_11691578444A449C95B5D999955F8E3B,GRAN_VOLT,12,0.981881301,_7DD325DCEFC248989B72AAD58D3DD4E9
_121025A0C8334FEBB8D6BFB953D8CE54,GRAN_ANG,12,11.92112345,_7DD325DCEFC248989B72AAD58D3DD4E9
_1329670D0EE04FBAA5D15ED8DA17C073,WAUT_VOLT,12,0.989043744,_95D3CD0256FB4C9DB2860CFEFA45CD57
_141EB0670C394F5DB9D2E85567C7C474,WAUT_ANG,12,12.49744544,_95D3CD0256FB4C9DB2860CFEFA45CD57
_14F8FF6E7ECD438AAD432529AA2D087F,CROSS_VOLT,12,0.93346268,_9D8BB8E8B5DB40F6ABF515042B7DFF97
_160795646A1F4EDA9DAB9898ECC88150,CROSS_ANG,12,-2.035638091,_9D8BB8E8B5DB40F6ABF515042B7DFF97
_01D9AE7C82794BF28EC9C743A09A5C11,CLAR_VOLT,15,1,_2BCC3D5923464FED9E08EB12EC388BD7
_02585A763FE446A599EABAAE1946E663,CLAR_ANG,15,0,_2BCC3D5923464FED9E08EB12EC388BD7
_048E634F63974DB9959C118F947A5C9F,AMHE_VOLT,15,1,_4273A87151C0409780237BFD866C23DA
_0713BD82B583442DBC61E779F2CF286B,AMHE_ANG,15,19.43535893,_4273A87151C0409780237BFD866C23DA
_0A37CB75E86846668F178FF9316D695B,WINL_VOLT,15,1,_4F715892155341C8A76534537F095B49
_0A5BDB6E87604E929E2AFBD74EC49D76,WINL_ANG,15,20.71912667,_4F715892155341C8A76534537F095B49
_0B47C04EA3A045E3BACA27AF6809CCBF,BOWM_VOLT,15,0.972177597,_58F637D8B03A4B12A67DF2E5797F9B6A
_0CDB2CCB4A86457DB174F44B0242DCA4,BOWM_ANG,15,-2.400460858,_58F637D8B03A4B12A67DF2E5797F9B6A
_0D37A27132EA4D94A8F0749B0766D1CE,TROY_VOLT,15,0.946135096,_7324D6723635494784A4D8A9578FCE8A
_0DEC4920744048C5B136B40090428948,TROY_ANG,15,-7.25567321,_7324D6723635494784A4D8A9578FCE8A
_0E2507C6DA854A39A75E3EBADA882446,MAPL_VOLT,15,1.005718889,_7AC1BC6CDFAF4F26A97AD322E9F5AD31
_1092FC782BA546479EB039E18D13844D,MAPL_ANG,15,17.88029086,_7AC1BC6CDFAF4F26A97AD322E9F5AD31
_11691578444A449C95B5D999955F8E3B,GRAN_VOLT,15,0.981997306,_7DD325DCEFC248989B72AAD58D3DD4E9
_121025A0C8334FEBB8D6BFB953D8CE54,GRAN_ANG,15,13.03109822,_7DD325DCEFC248989B72AAD58D3DD4E9
_1329670D0EE04FBAA5D15ED8DA17C073,WAUT_VOLT,15,0.989019954,_95D3CD0256FB4C9DB2860CFEFA45CD57
_141EB0670C394F5DB9D2E85567C7C474,WAUT_ANG,15,13.5230625,_95D3CD0256FB4C9DB2860CFEFA45CD57
_14F8FF6E7ECD438AAD432529AA2D087F,CROSS_VOLT,15,0.933612638,_9D8BB8E8B5DB40F6ABF515042B7DFF97
_160795646A1F4EDA9DAB9898ECC88150,CROSS_ANG,15,-1.212368152,_9D8BB8E8B5DB40F6ABF515042B7DFF97
_01D9AE7C82794BF28EC9C743A09A5C11,CLAR_VOLT,5,1,_2BCC3D5923464FED9E08EB12EC388BD7
_02585A763FE446A599EABAAE1946E663,CLAR_ANG,5,0,_2BCC3D5923464FED9E08EB12EC388BD7
_048E634F63974DB9959C118F947A5C9F,AMHE_VOLT,5,1,_4273A87151C0409780237BFD866C23DA
_0713BD82B583442DBC61E779F2CF286B,AMHE_ANG,5,18.08961886,_4273A87151C0409780237BFD866C23DA
_0A37CB75E86846668F178FF9316D695B,WINL_VOLT,5,1,_4F715892155341C8A76534537F095B49
_0A5BDB6E87604E929E2AFBD74EC49D76,WINL_ANG,5,19.19130658,_4F715892155341C8A76534537F095B49
_0B47C04EA3A045E3BACA27AF6809CCBF,BOWM_VOLT,5,0.972509166,_58F637D8B03A4B12A67DF2E5797F9B6A
_0CDB2CCB4A86457DB174F44B0242DCA4,BOWM_ANG,5,-2.830205883,_58F637D8B03A4B12A67DF2E5797F9B6A
_0D37A27132EA4D94A8F0749B0766D1CE,TROY_VOLT,5,0.945272654,_7324D6723635494784A4D8A9578FCE8A
_0DEC4920744048C5B136B40090428948,TROY_ANG,5,-7.935915252,_7324D6723635494784A4D8A9578FCE8A
_0E2507C6DA854A39A75E3EBADA882446,MAPL_VOLT,5,1.005705485,_7AC1BC6CDFAF4F26A97AD322E9F5AD31
_1092FC782BA546479EB039E18D13844D,MAPL_ANG,5,16.35243291,_7AC1BC6CDFAF4F26A97AD322E9F5AD31
_11691578444A449C95B5D999955F8E3B,GRAN_VOLT,5,0.981974231,_7DD325DCEFC248989B72AAD58D3DD4E9
_121025A0C8334FEBB8D6BFB953D8CE54,GRAN_ANG,5,11.50282381,_7DD325DCEFC248989B72AAD58D3DD4E9
_1329670D0EE04FBAA5D15ED8DA17C073,WAUT_VOLT,5,0.989401524,_95D3CD0256FB4C9DB2860CFEFA45CD57
_141EB0670C394F5DB9D2E85567C7C474,WAUT_ANG,5,12.17961067,_95D3CD0256FB4C9DB2860CFEFA45CD57
_14F8FF6E7ECD438AAD432529AA2D087F,CROSS_VOLT,5,0.934681024,_9D8BB8E8B5DB40F6ABF515042B7DFF97
_160795646A1F4EDA9DAB9898ECC88150,CROSS_ANG,5,-2.096463326,_9D8BB8E8B5DB40F6ABF515042B7DFF97
_01D9AE7C82794BF28EC9C743A09A5C11,CLAR_VOLT,14,1,_2BCC3D5923464FED9E08EB12EC388BD7
_02585A763FE446A599EABAAE1946E663,CLAR_ANG,14,0,_2BCC3D5923464FED9E08EB12EC388BD7
_048E634F63974DB9959C118F947A5C9F,AMHE_VOLT,14,1,_4273A87151C0409780237BFD866C23DA
_0713BD82B583442DBC61E779F2CF286B,AMHE_ANG,14,18.67030072,_4273A87151C0409780237BFD866C23DA
_0A37CB75E86846668F178FF9316D695B,WINL_VOLT,14,1,_4F715892155341C8A76534537F095B49
_0A5BDB6E87604E929E2AFBD74EC49D76,WINL_ANG,14,19.90623891,_4F715892155341C8A76534537F095B49
_0B47C04EA3A045E3BACA27AF6809CCBF,BOWM_VOLT,14,0.971850303,_58F637D8B03A4B12A67DF2E5797F9B6A
_0CDB2CCB4A86457DB174F44B0242DCA4,BOWM_ANG,14,-2.746137232,_58F637D8B03A4B12A67DF2E5797F9B6A
_0D37A27132EA4D94A8F0749B0766D1CE,TROY_VOLT,14,0.94452877,_7324D6723635494784A4D8A9578FCE8A
_0DEC4920744048C5B136B40090428948,TROY_ANG,14,-7.861927449,_7324D6723635494784A4D8A9578FCE8A
_0E2507C6DA854A39A75E3EBADA882446,MAPL_VOLT,14,1.005680314,_7AC1BC6CDFAF4F26A97AD322E9F5AD31
_1092FC782BA546479EB039E18D13844D,MAPL_ANG,14,17.06729413,_7AC1BC6CDFAF4F26A97AD322E9F5AD31
_11691578444A449C95B5D999955F8E3B,GRAN_VOLT,14,0.981897079,_7DD325DCEFC248989B72AAD58D3DD4E9
_121025A0C8334FEBB8D6BFB953D8CE54,GRAN_ANG,14,12.21783574,_7DD325DCEFC248989B72AAD58D3DD4E9
_1329670D0EE04FBAA5D15ED8DA17C073,WAUT_VOLT,14,0.988985178,_95D3CD0256FB4C9DB2860CFEFA45CD57
_141EB0670C394F5DB9D2E85567C7C474,WAUT_ANG,14,12.75779566,_95D3CD0256FB4C9DB2860CFEFA45CD57
_14F8FF6E7ECD438AAD432529AA2D087F,CROSS_VOLT,14,0.933324558,_9D8BB8E8B5DB40F6ABF515042B7DFF97
_160795646A1F4EDA9DAB9898ECC88150,CROSS_ANG,14,-1.864911022,_9D8BB8E8B5DB40F6ABF515042B7DFF97
_01D9AE7C82794BF28EC9C743A09A5C11,CLAR_VOLT,16,1,_2BCC3D5923464FED9E08EB12EC388BD7
_02585A763FE446A599EABAAE1946E663,CLAR_ANG,16,0,_2BCC3D5923464FED9E08EB12EC388BD7
_048E634F63974DB9959C118F947A5C9F,AMHE_VOLT,16,1,_4273A87151C0409780237BFD866C23DA
_0713BD82B583442DBC61E779F2CF286B,AMHE_ANG,16,19.30791658,_4273A87151C0409780237BFD866C23DA
_0A37CB75E86846668F178FF9316D695B,WINL_VOLT,16,1,_4F715892155341C8A76534537F095B49
_0A5BDB6E87604E929E2AFBD74EC49D76,WINL_ANG,16,20.63343394,_4F715892155341C8A76534537F095B49
_0B47C04EA3A045E3BACA27AF6809CCBF,BOWM_VOLT,16,0.970906395,_58F637D8B03A4B12A67DF2E5797F9B6A
_0CDB2CCB4A86457DB174F44B0242DCA4,BOWM_ANG,16,-2.666772399,_58F637D8B03A4B12A67DF2E5797F9B6A
_0D37A27132EA4D94A8F0749B0766D1CE,TROY_VOLT,16,0.942515778,_7324D6723635494784A4D8A9578FCE8A
_0DEC4920744048C5B136B40090428948,TROY_ANG,16,-7.988920836,_7324D6723635494784A4D8A9578FCE8A
_0E2507C6DA854A39A75E3EBADA882446,MAPL_VOLT,16,1.005656016,_7AC1BC6CDFAF4F26A97AD322E9F5AD31
_1092FC782BA546479EB039E18D13844D,MAPL_ANG,16,17.79442051,_7AC1BC6CDFAF4F26A97AD322E9F5AD31
_11691578444A449C95B5D999955F8E3B,GRAN_VOLT,16,0.981819794,_7DD325DCEFC248989B72AAD58D3DD4E9
_121025A0C8334FEBB8D6BFB953D8CE54,GRAN_ANG,16,12.9452876,_7DD325DCEFC248989B72AAD58D3DD4E9
_1329670D0EE04FBAA5D15ED8DA17C073,WAUT_VOLT,16,0.988671193,_95D3CD0256FB4C9DB2860CFEFA45CD57
_141EB0670C394F5DB9D2E85567C7C474,WAUT_ANG,16,13.3935271,_95D3CD0256FB4C9DB2860CFEFA45CD57
_14F8FF6E7ECD438AAD432529AA2D087F,CROSS_VOLT,16,0.932298377,_9D8BB8E8B5DB40F6ABF515042B7DFF97
_160795646A1F4EDA9DAB9898ECC88150,CROSS_ANG,16,-1.463742975,_9D8BB8E8B5DB40F6ABF515042B7DFF97
_01D9AE7C82794BF28EC9C743A09A5C11,CLAR_VOLT,11,1,_2BCC3D5923464FED9E08EB12EC388BD7
_02585A763FE446A599EABAAE1946E663,CLAR_ANG,11,0,_2BCC3D5923464FED9E08EB12EC388BD7
_048E634F63974DB9959C118F947A5C9F,AMHE_VOLT,11,1,_4273A87151C0409780237BFD866C23DA
_0713BD82B583442DBC61E779F2CF286B,AMHE_ANG,11,1.630150938,_4273A87151C0409780237BFD866C23DA
_0A37CB75E86846668F178FF9316D695B,WINL_VOLT,11,1,_4F715892155341C8A76534537F095B49
_0A5BDB6E87604E929E2AFBD74EC49D76,WINL_ANG,11,-9.415528244,_4F715892155341C8A76534537F095B49
_0B47C04EA3A045E3BACA27AF6809CCBF,BOWM_VOLT,11,0.989195892,_58F637D8B03A4B12A67DF2E5797F9B6A
_0CDB2CCB4A86457DB174F44B0242DCA4,BOWM_ANG,11,-5.432121577,_58F637D8B03A4B12A67DF2E5797F9B6A
_0D37A27132EA4D94A8F0749B0766D1CE,TROY_VOLT,11,0.97682116,_7324D6723635494784A4D8A9578FCE8A
_0DEC4920744048C5B136B40090428948,TROY_ANG,11,-10.03438458,_7324D6723635494784A4D8A9578FCE8A
_0E2507C6DA854A39A75E3EBADA882446,MAPL_VOLT,11,0.999525201,_7AC1BC6CDFAF4F26A97AD322E9F5AD31
_1092FC782BA546479EB039E18D13844D,MAPL_ANG,11,-9.415528244,_7AC1BC6CDFAF4F26A97AD322E9F5AD31
_11691578444A449C95B5D999955F8E3B,GRAN_VOLT,11,0.982713433,_7DD325DCEFC248989B72AAD58D3DD4E9
_121025A0C8334FEBB8D6BFB953D8CE54,GRAN_ANG,11,-8.774163233,_7DD325DCEFC248989B72AAD58D3DD4E9
_1329670D0EE04FBAA5D15ED8DA17C073,WAUT_VOLT,11,0.995354698,_95D3CD0256FB4C9DB2860CFEFA45CD57
_141EB0670C394F5DB9D2E85567C7C474,WAUT_ANG,11,-4.244384977,_95D3CD0256FB4C9DB2860CFEFA45CD57
_14F8FF6E7ECD438AAD432529AA2D087F,CROSS_VOLT,11,0.961037869,_9D8BB8E8B5DB40F6ABF515042B7DFF97
_160795646A1F4EDA9DAB9898ECC88150,CROSS_ANG,11,-9.278827946,_9D8BB8E8B5DB40F6ABF515042B7DFF97
_01D9AE7C82794BF28EC9C743A09A5C11,CLAR_VOLT,20,1,_2BCC3D5923464FED9E08EB12EC388BD7
_02585A763FE446A599EABAAE1946E663,CLAR_ANG,20,0,_2BCC3D5923464FED9E08EB12EC388BD7
_048E634F63974DB9959C118F947A5C9F,AMHE_VOLT,20,1,_4273A87151C0409780237BFD866C23DA
_0713BD82B583442DBC61E779F2CF286B,AMHE_ANG,20,2.545763559,_4273A87151C0409780237BFD866C23DA
_0A37CB75E86846668F178FF9316D695B,WINL_VOLT,20,1,_4F715892155341C8A76534537F095B49
_0A5BDB6E87604E929E2AFBD74EC49D76,WINL_ANG,20,-8.47976563,_4F715892155341C8A76534537F095B49
_0B47C04EA3A045E3BACA27AF6809CCBF,BOWM_VOLT,20,0.990143207,_58F637D8B03A4B12A67DF2E5797F9B6A
_0CDB2CCB4A86457DB174F44B0242DCA4,BOWM_ANG,20,-4.97805319,_58F637D8B03A4B12A67DF2E5797F9B6A
_0D37A27132EA4D94A8F0749B0766D1CE,TROY_VOLT,20,0.97871003,_7324D6723635494784A4D8A9578FCE8A
_0DEC4920744048C5B136B40090428948,TROY_ANG,20,-9.190367674,_7324D6723635494784A4D8A9578FCE8A
_0E2507C6DA854A39A75E3EBADA882446,MAPL_VOLT,20,1.00010216,_7AC1BC6CDFAF4F26A97AD322E9F5AD31
_1092FC782BA546479EB039E18D13844D,MAPL_ANG,20,-8.47976563,_7AC1BC6CDFAF4F26A97AD322E9F5AD31
_11691578444A449C95B5D999955F8E3B,GRAN_VOLT,20,0.983426649,_7DD325DCEFC248989B72AAD58D3DD4E9
_121025A0C8334FEBB8D6BFB953D8CE54,GRAN_ANG,20,-7.796794162,_7DD325DCEFC248989B72AAD58D3DD4E9
_1329670D0EE04FBAA5D15ED8DA17C073,WAUT_VOLT,20,0.99588815,_95D3CD0256FB4C9DB2860CFEFA45CD57
_141EB0670C394F5DB9D2E85567C7C474,WAUT_ANG,20,-3.325614572,_95D3CD0256FB4C9DB2860CFEFA45CD57
_14F8FF6E7ECD438AAD432529AA2D087F,CROSS_VOLT,20,0.962384479,_9D8BB8E8B5DB40F6ABF515042B7DFF97
_160795646A1F4EDA9DAB9898ECC88150,CROSS_ANG,20,-8.485420377,_9D8BB8E8B5DB40F6ABF515042B7DFF97
_01D9AE7C82794BF28EC9C743A09A5C11,CLAR_VOLT,17,1,_2BCC3D5923464FED9E08EB12EC388BD7
_02585A763FE446A599EABAAE1946E663,CLAR_ANG,17,0,_2BCC3D5923464FED9E08EB12EC388BD7
_048E634F63974DB9959C118F947A5C9F,AMHE_VOLT,17,1,_4273A87151C0409780237BFD866C23DA
_0713BD82B583442DBC61E779F2CF286B,AMHE_ANG,17,1.511467444,_4273A87151C0409780237BFD866C23DA
_0A37CB75E86846668F178FF9316D695B,WINL_VOLT,17,1,_4F715892155341C8A76534537F095B49
_0A5BDB6E87604E929E2AFBD74EC49D76,WINL_ANG,17,-9.509423632,_4F715892155341C8A76534537F095B49
_0B47C04EA3A045E3BACA27AF6809CCBF,BOWM_VOLT,17,0.989371428,_58F637D8B03A4B12A67DF2E5797F9B6A
_0CDB2CCB4A86457DB174F44B0242DCA4,BOWM_ANG,17,-5.425875857,_58F637D8B03A4B12A67DF2E5797F9B6A
_0D37A27132EA4D94A8F0749B0766D1CE,TROY_VOLT,17,0.977199824,_7324D6723635494784A4D8A9578FCE8A
_0DEC4920744048C5B136B40090428948,TROY_ANG,17,-10.00150633,_7324D6723635494784A4D8A9578FCE8A
_0E2507C6DA854A39A75E3EBADA882446,MAPL_VOLT,17,0.99949574,_7AC1BC6CDFAF4F26A97AD322E9F5AD31
_1092FC782BA546479EB039E18D13844D,MAPL_ANG,17,-9.509423632,_7AC1BC6CDFAF4F26A97AD322E9F5AD31
_11691578444A449C95B5D999955F8E3B,GRAN_VOLT,17,0.982507883,_7DD325DCEFC248989B72AAD58D3DD4E9
_121025A0C8334FEBB8D6BFB953D8CE54,GRAN_ANG,17,-8.941962301,_7DD325DCEFC248989B72AAD58D3DD4E9
_1329670D0EE04FBAA5D15ED8DA17C073,WAUT_VOLT,17,0.995296772,_95D3CD0256FB4C9DB2860CFEFA45CD57
_141EB0670C394F5DB9D2E85567C7C474,WAUT_ANG,17,-4.36341157,_95D3CD0256FB4C9DB2860CFEFA45CD57
_14F8FF6E7ECD438AAD432529AA2D087F,CROSS_VOLT,17,0.961298895,_9D8BB8E8B5DB40F6ABF515042B7DFF97
_160795646A1F4EDA9DAB9898ECC88150,CROSS_ANG,17,-9.28755225,_9D8BB8E8B5DB40F6ABF515042B7DFF97
_01D9AE7C82794BF28EC9C743A09A5C11,CLAR_VOLT,13,1,_2BCC3D5923464FED9E08EB12EC388BD7
_02585A763FE446A599EABAAE1946E663,CLAR_ANG,13,0,_2BCC3D5923464FED9E08EB12EC388BD7
_048E634F63974DB9959C118F947A5C9F,AMHE_VOLT,13,1,_4273A87151C0409780237BFD866C23DA
_0713BD82B583442DBC61E779F2CF286B,AMHE_ANG,13,1.854672756,_4273A87151C0409780237BFD866C23DA
_0A37CB75E86846668F178FF9316D695B,WINL_VOLT,13,1,_4F715892155341C8A76534537F095B49
_0A5BDB6E87604E929E2AFBD74EC49D76,WINL_ANG,13,-9.175232871,_4F715892155341C8A76534537F095B49
_0B47C04EA3A045E3BACA27AF6809CCBF,BOWM_VOLT,13,0.989393103,_58F637D8B03A4B12A67DF2E5797F9B6A
_0CDB2CCB4A86457DB174F44B0242DCA4,BOWM_ANG,13,-5.328353524,_58F637D8B03A4B12A67DF2E5797F9B6A
_0D37A27132EA4D94A8F0749B0766D1CE,TROY_VOLT,13,0.977300986,_7324D6723635494784A4D8A9578FCE8A
_0DEC4920744048C5B136B40090428948,TROY_ANG,13,-9.821990572,_7324D6723635494784A4D8A9578FCE8A
_0E2507C6DA854A39A75E3EBADA882446,MAPL_VOLT,13,0.999681972,_7AC1BC6CDFAF4F26A97AD322E9F5AD31
_1092FC782BA546479EB039E18D13844D,MAPL_ANG,13,-9.175232871,_7AC1BC6CDFAF4F26A97AD322E9F5AD31
_11691578444A449C95B5D999955F8E3B,GRAN_VOLT,13,0.982923923,_7DD325DCEFC248989B72AAD58D3DD4E9
_121025A0C8334FEBB8D6BFB953D8CE54,GRAN_ANG,13,-8.520767359,_7DD325DCEFC248989B72AAD58D3DD4E9
_1329670D0EE04FBAA5D15ED8DA17C073,WAUT_VOLT,13,0.995483334,_95D3CD0256FB4C9DB2860CFEFA45CD57
_141EB0670C394F5DB9D2E85567C7C474,WAUT_ANG,13,-4.019101379,_95D3CD0256FB4C9DB2860CFEFA45CD57
_14F8FF6E7ECD438AAD432529AA2D087F,CROSS_VOLT,13,0.961237719,_9D8BB8E8B5DB40F6ABF515042B7DFF97
_160795646A1F4EDA9DAB9898ECC88150,CROSS_ANG,13,-9.115721723,_9D8BB8E8B5DB40F6ABF515042B7DFF97
_01D9AE7C82794BF28EC9C743A09A5C11,CLAR_VOLT,18,1,_2BCC3D5923464FED9E08EB12EC388BD7
_02585A763FE446A599EABAAE1946E663,CLAR_ANG,18,0,_2BCC3D5923464FED9E08EB12EC388BD7
_048E634F63974DB9959C118F947A5C9F,AMHE_VOLT,18,1,_4273A87151C0409780237BFD866C23DA
_0713BD82B583442DBC61E779F2CF286B,AMHE_ANG,18,2.182436102,_4273A87151C0409780237BFD866C23DA
_0A37CB75E86846668F178FF9316D695B,WINL_VOLT,18,1,_4F715892155341C8A76534537F095B49
_0A5BDB6E87604E929E2AFBD74EC49D76,WINL_ANG,18,-8.952933585,_4F715892155341C8A76534537F095B49
_0B47C04EA3A045E3BACA27AF6809CCBF,BOWM_VOLT,18,0.98948131,_58F637D8B03A4B12A67DF2E5797F9B6A
_0CDB2CCB4A86457DB174F44B0242DCA4,BOWM_ANG,18,-5.234052459,_58F637D8B03A4B12A67DF2E5797F9B6A
_0D37A27132EA4D94A8F0749B0766D1CE,TROY_VOLT,18,0.976845702,_7324D6723635494784A4D8A9578FCE8A
_0DEC4920744048C5B136B40090428948,TROY_ANG,18,-9.800574089,_7324D6723635494784A4D8A9578FCE8A
_0E2507C6DA854A39A75E3EBADA882446,MAPL_VOLT,18,0.999726943,_7AC1BC6CDFAF4F26A97AD322E9F5AD31
_1092FC782BA546479EB039E18D13844D,MAPL_ANG,18,-8.952933585,_7AC1BC6CDFAF4F26A97AD322E9F5AD31
_11691578444A449C95B5D999955F8E3B,GRAN_VOLT,18,0.983170629,_7DD325DCEFC248989B72AAD58D3DD4E9
_121025A0C8334FEBB8D6BFB953D8CE54,GRAN_ANG,18,-8.181864659,_7DD325DCEFC248989B72AAD58D3DD4E9
_1329670D0EE04FBAA5D15ED8DA17C073,WAUT_VOLT,18,0.995679289,_95D3CD0256FB4C9DB2860CFEFA45CD57
_141EB0670C394F5DB9D2E85567C7C474,WAUT_ANG,18,-3.690177981,_95D3CD0256FB4C9DB2860CFEFA45CD57
_14F8FF6E7ECD438AAD432529AA2D087F,CROSS_VOLT,18,0.96179757,_9D8BB8E8B5DB40F6ABF515042B7DFF97
_160795646A1F4EDA9DAB9898ECC88150,CROSS_ANG,18,-8.806329143,_9D8BB8E8B5DB40F6ABF515042B7DFF97
